{
  "train_samples": 9455,
  "val_samples": 1669,
  "train_r2": 0.6806356304915451,
  "val_r2": 0.6679342170233467,
  "train_mae": 0.1783853317960129,
  "val_mae": 0.18731392300235705,
  "train_acc": 0.5855103120042305,
  "val_acc": 0.5662073097663272,
  "feature_importance": {
    "abs_stock_change": 0.12899894762999478,
    "stock_vs_sp": 0.11566467740942042,
    "stock_vs_nasdaq": 0.10819044298482143,
    "stock_change": 0.10754148261353454,
    "stock_x_sp": 0.04822595733721713,
    "nasdaq_change": 0.01750297118153963,
    "sp_change": 0.011477126730577585,
    "dow_change": 0.008083851325135236,
    "abs_dow_change": 0.007185327409506406,
    "dow_vs_sp": 0.005868123883720376,
    "is_ticker_specific": 0.0016141764391411828,
    "avg_market": 0.0012320149345794807
  }
}