{
  "train_samples": 9455,
  "val_samples": 1669,
  "train_acc": 0.459227921734532,
  "val_acc": 0.3678849610545237,
  "train_mae": 0.2937467056487912,
  "val_mae": 0.33284665404193187,
  "train_r2": 0.06449009645880421,
  "val_r2": -0.10885801814512064
}